GeneID,Sensitive_azt0,Sensitive_azt2,Resistant_azt0,Resistant_azt2,Resistant_azt4
PP_0026,91.58821029,74.14147165,85.76032004,103.5250613,90.85769983
PP_0037,16.87846417,18.38988228,23.34001335,22.64752887,18.24590347
PP_0043,38.5901412,32.28554837,29.58692163,38.38530249,37.72226908
PP_0058,163.002706,153.6798719,156.4261463,145.9649373,153.7284156
PP_0059,255.8115316,169.0228056,241.3505693,213.4089935,190.4791926
PP_0060,372.0740047,357.9714699,325.4972645,299.7675477,346.1717423
PP_0061,109.2918939,130.6034389,104.7249287,98.3389954,130.7388963
PP_0063,301.4205128,264.9791432,274.2946967,253.6772276,264.3089671
PP_0065,215.5928899,181.8719165,173.2886827,202.8710435,170.9071521
PP_0067,76.78838124,51.60047644,64.29582927,67.72242642,56.01406235
PP_0072,141.0096653,138.0728365,168.9066222,139.80648,125.1692197
PP_0073,748.7612835,238.8542577,850.581725,415.6986611,245.3226667
PP_0074,429.8414085,150.8516051,461.2626014,206.5429096,124.7642274
PP_0075,31.15306976,26.63830254,24.37596025,22.94535733,34.09068601
PP_0076,13.89659698,14.66101469,14.3944273,11.34874913,17.42186413
PP_0077,47.44189864,49.84438045,45.37286137,44.54630229,48.55805273
PP_0082,70.48542245,67.19698478,68.280241,69.71649592,65.23412636
PP_0083,110.8002553,116.924582,116.6384533,100.8758686,126.1411889
PP_0100,297.1586691,208.2216531,232.7360642,204.0631282,183.0758941
PP_0103,44.14433738,49.1480101,40.18599719,61.07683544,42.45820561
PP_0104,45.21897246,45.37481802,45.0783309,54.1451142,48.21392454
PP_0105,5.112842487,7.904455219,6.473092449,8.26701278,5.504432927
PP_0106,37.57485116,48.5554005,47.62366221,76.61618294,57.75251032
PP_0110,51.24839895,52.72879246,71.28830508,63.06547606,68.37709489
PP_0112,633.8671728,553.6062022,526.5061655,574.7328429,547.019839
PP_0113,192.9127425,162.8417155,166.6586388,145.0136528,133.5154823
PP_0114,147.0360508,145.5821802,139.5231991,130.0428738,143.9974855
PP_0115,29.56021609,48.43906105,34.84677752,38.58369378,51.8658112
PP_0117,146.1278243,89.0948117,126.8955097,127.37752,90.37053786
PP_0118,168.4952463,91.6294178,151.8059426,148.2363947,103.1178094
PP_0120,266.9599436,175.1166507,245.7454981,204.6166291,173.306302
PP_0121,551.424994,479.9039459,463.7036049,640.2143535,459.7097555
PP_0127,1111.395676,961.9478978,987.6391475,1002.977889,979.2751394
PP_0129,669.6636926,569.6753666,623.5434125,579.6119808,557.9818375
PP_0137,456.8394216,436.7988319,349.6094991,399.5285753,471.3878893
PP_0145,499.0690891,424.4619443,460.8763057,454.5150552,418.9431126
PP_0147,53.68851721,46.2581451,50.93795246,52.03625219,52.03304827
PP_0154,662.7609432,435.1274774,575.9162546,486.8753729,418.0054523
PP_0155,171.4614869,191.9290431,140.5224139,169.7529005,209.2170854
PP_0156,138.2742098,158.1184386,95.9251445,149.1776831,169.4572206
PP_0158,50.09706684,257.2538458,60.61571359,183.1527312,376.9653218
PP_0160,80.50334826,110.7080218,104.3255831,93.77816883,116.9230253
PP_0165,116.4919779,140.2781519,123.2468543,117.1822804,132.9050882
PP_0169,5.85460022,8.586384682,6.892254335,7.97959384,12.39786353
PP_0184,366.5357847,339.5387816,338.3298307,344.1236881,370.423242
PP_0186,837.9494705,633.517514,814.4432743,783.0821132,626.24674
PP_0187,278.3923506,237.5258442,303.4347048,280.3860686,229.6929307
PP_0188,509.6713232,503.4185354,532.0219415,503.7760348,474.5293604
PP_0189,639.8181289,568.0140978,636.7526182,570.9515845,565.9902253
PP_0190,130.0726406,139.0158685,156.8394603,127.1145773,137.8309229
PP_0207,23.88250325,21.8586972,18.17069273,18.98054511,27.61435167
PP_0208,7.873517552,4.003884123,3.29682607,2.514458961,4.746609045
PP_0209,4.273409283,6.337257318,5.320058734,4.146218176,7.43332485
PP_0213,465.9732969,606.2170047,455.8901525,467.2172766,591.3841591
PP_0214,848.3986549,1019.454429,837.8952309,998.4752535,1015.408216
PP_0217,723.2706919,751.4915855,695.0937898,782.3720075,775.5025167
PP_0219,9.768918231,13.87424348,7.337443546,13.62898371,14.71339401
PP_0220,6.490851092,5.672009903,5.320058734,9.518598626,7.06939127
PP_0221,4.55477297,5.555749627,6.052233809,3.45408004,5.760591351
PP_0226,161.693563,152.9437137,149.0912364,149.3161946,153.9473656
PP_0227,113.3367334,101.6272665,103.5159226,115.3080189,106.7686997
PP_0229,252.3624342,194.7527795,234.8037551,217.7881424,215.6045012
PP_0230,27.84215656,37.6379486,26.64091115,30.06136838,32.11493249
PP_0231,9.899439758,9.59317691,12.06911956,8.777368839,8.786584984
PP_0232,9.027160499,11.62325393,10.0534315,8.608504021,10.57289466
PP_0233,24.11935815,47.54264273,27.59217063,22.57932027,59.00669962
PP_0234,1378.038461,1331.724392,1016.097702,1096.477204,1284.775575
PP_0236,24.28272574,46.68091339,20.4599742,20.49500407,58.73893914
PP_0237,16.33523091,33.71794176,17.39325002,28.43086303,39.59364802
PP_0238,15.01356253,24.32258207,13.36941851,25.24470886,27.73808103
PP_0239,10.36449166,17.50442436,12.06911956,18.07045051,17.89212215
PP_0240,23.20640145,18.33335806,15.94907934,21.18964995,18.70020819
PP_0243,340.9002691,302.8763528,293.5441795,277.6012991,270.9640939
PP_0260,214.9809959,128.2311694,218.9754688,142.8203652,116.2410709
PP_0261,161.8467522,88.92875068,180.5481983,100.3921179,93.73921082
PP_0266,181.6481923,147.3530961,139.0020396,144.3597834,137.8734818
PP_0280,57.05490793,56.32571955,54.53168398,75.10507219,63.67691704
PP_0281,129.2539809,118.3754468,114.8959437,170.7616054,138.3374817
PP_0282,717.3891288,627.8238087,629.6959253,811.07886,620.6393531
PP_0283,306.2656286,311.2140633,310.669838,345.9225193,359.8353677
PP_0284,104.1665975,106.1178582,93.96939835,128.4294607,119.3985411
PP_0289,273.1573594,265.8018675,278.4772557,263.4295142,289.3752662
PP_0290,146.8873869,117.2203735,138.37771,107.9199442,110.8091757
PP_0292,232.9992096,186.677302,185.2957211,153.4844136,169.166757
PP_0293,197.5006466,149.0288121,175.5025699,133.8862804,146.9012005
PP_0294,137.3618385,159.4123094,153.2873695,168.9015151,151.4839473
PP_0295,95.89805675,90.60424605,86.04145805,106.1114532,91.82577397
PP_0296,184.5635409,174.1940811,189.0232736,234.5778082,192.6024226
PP_0297,32.41539309,41.74668882,37.72681667,49.28977256,35.81078116
PP_0301,5.251195403,3.372513342,4.891655488,4.887447964,3.316981198
PP_0302,6.970739255,7.67301566,7.32989894,4.770147709,7.831566385
PP_0303,5.678743393,5.509483778,4.455707637,6.610707739,7.486486605
PP_0304,13.84425681,13.31794116,13.24478709,18.64030774,16.43108686
PP_0310,83.38436645,74.66851323,67.05930584,73.25204312,70.2291209
PP_0311,32.27386665,27.47160825,24.92729816,28.56104572,30.59783401
PP_0315,41.03578,46.50197387,49.11894838,55.14796324,41.53124148
PP_0316,40.39721829,41.23157831,27.61480445,34.72204552,37.99002956
PP_0321,319.420059,316.0912248,297.8138803,286.9393322,301.3864664
PP_0322,27.59829679,26.75483147,28.52272643,37.36831716,35.18538634
PP_0323,28.29471922,28.63957695,26.17893597,33.83026222,23.46805129
PP_0324,1.558069518,3.51034021,3.459180516,4.156627699,6.304315642
PP_0325,47.99914164,47.77683599,53.99543528,60.38598599,44.89796366
PP_0326,10.18863483,10.22570786,7.041216323,11.94813284,8.900161166
PP_0327,18.96538445,20.02002808,25.47863607,26.98210494,18.4875584
PP_0328,79.073826,91.09984163,78.23574663,113.3560009,75.19995974
PP_0336,247.7500407,256.0119489,296.7875897,258.2721691,251.9415815
PP_0338,1321.054479,1223.479677,1368.655731,1076.040758,1061.215824
PP_0339,4163.047986,3644.500871,3858.375842,3026.460835,3140.783918
PP_0341,191.5995995,139.3847871,175.3453057,161.0800004,129.576527
PP_0342,208.2018478,153.8230166,198.3315767,163.6850822,142.1512596
PP_0343,215.7304163,162.8889768,186.799491,158.1151161,161.0302391
PP_0344,178.1854417,128.1812336,145.6598594,99.43714143,106.3090931
PP_0345,171.8044703,137.0319782,179.4847607,140.1287498,132.2134807
PP_0346,130.536866,101.7913861,113.6639611,90.20311271,89.04578558
PP_0350,78.31875251,84.78442998,66.37070164,77.84949231,72.70463855
PP_0356,739.8310504,791.3824441,818.4940261,945.3618857,823.7638173
PP_0362,403.0884382,191.0161633,418.6475723,177.194522,195.7322982
PP_0363,203.7217614,101.8302576,199.1739998,93.5381183,96.14946368
PP_0364,107.243998,64.95862832,141.1360963,68.12381108,60.68378342
PP_0365,87.48871974,39.99621054,89.45891844,42.14462728,38.36216647
PP_0366,133.0090038,53.95719924,157.9681634,58.11777223,60.66687855
PP_0376,47.87879852,44.48722925,59.47267883,59.28620753,46.66106738
PP_0378,25.21282954,24.28041957,20.42055441,30.97271685,24.78315137
PP_0381,112.8785177,78.76478506,121.2358416,88.92119475,88.98972054
PP_0391,215.1397056,209.8426759,242.3699118,226.5649773,223.6965066
PP_0392,32.80226364,29.66010805,33.99751563,26.92803264,32.27732012
PP_0393,29.31083576,24.520145,28.56384297,19.25508162,23.45644924
PP_0398,56.23900507,61.27435387,61.07429526,70.96390676,59.02170039
PP_0399,145.3570518,143.136894,162.3687585,162.9081262,140.2523253
PP_0402,160.3312172,140.8387782,146.8277489,128.230656,141.7636237
PP_0411,37.63419621,64.67433452,31.11162862,49.14375147,56.05272154
PP_0412,40.05098901,50.00966028,40.26536097,51.78998829,54.86184811
PP_0413,51.88696066,52.84877711,55.59950606,56.94068549,55.30504899
PP_0414,24.52341198,25.59585066,27.93951334,26.9010139,27.99083889
PP_0415,84.74919182,89.03412974,90.27630515,77.96310061,105.8093298
PP_0416,102.6114164,119.8142575,112.5435602,109.3944672,129.703156
PP_0417,245.4326126,254.980024,204.9659533,195.9283949,251.844412
PP_0418,603.9556834,549.6586943,539.5625951,635.0451268,527.5353075
PP_0420,218.7054473,183.8083016,213.1912415,194.2126235,197.8230749
PP_0421,359.2863654,278.6093828,328.0956414,253.7005196,240.9502086
PP_0422,346.6646525,286.8652037,339.2089079,249.4017045,271.9239629
PP_0427,173.8970798,201.720097,220.0883252,207.3907014,198.2807774
PP_0432,227.2091538,203.0080504,251.084827,176.2221171,197.5795168
PP_0434,215.5433859,232.5113499,217.7913175,213.2227138,232.477721
PP_0436,520.494412,526.5104063,485.1065663,459.1244207,504.5413957
PP_0437,90.0023615,113.3674971,110.7043248,100.3734143,109.1489958
PP_0438,57.11594218,59.97773568,51.43765067,55.27149801,65.3336991
PP_0481,1112.544045,1984.735887,1222.855452,2492.717989,2018.73346
PP_0490,494.5756748,398.0693232,582.7348305,447.8511106,347.7101398
PP_0491,338.9618078,252.2045323,423.8322729,281.6908092,227.8626628
PP_0492,77.71065366,69.579567,87.46416745,65.68135961,55.99520948
PP_0493,282.5333812,250.7999956,281.9252372,271.4711493,230.8601476
PP_0495,57.23945884,47.97842309,55.47487464,41.37431924,52.1577283
PP_0496,608.2353922,451.5586644,459.0799354,318.8161597,445.0910237
PP_0500,359.874729,318.3508248,326.7836467,306.9712281,331.4168526
PP_0501,187.5164295,169.1904057,172.0044639,148.6843981,152.264979
PP_0510,239.668887,223.738721,220.7771109,215.8461205,232.5338327
PP_0514,447.4221199,361.5965209,433.8279355,361.8051994,359.6275655
PP_0515,104.9405435,131.753132,112.7183161,121.0451477,125.5839109
PP_0516,169.8395461,171.6132883,132.1515054,152.9357888,166.2741422
PP_0517,385.9489663,383.8380482,358.4802874,365.5964054,378.2040296
PP_0519,130.2531553,120.3240253,122.8989874,104.5815345,119.3738881
PP_0520,105.4806032,87.63880005,98.84366428,73.79568726,81.72365666
PP_0522,209.3449557,210.4195989,198.5200882,221.7167318,220.8450009
PP_0524,130.9487512,109.4992154,127.4833982,103.0325684,111.281335
PP_0525,167.1045436,132.9042603,159.0508932,96.76802606,119.9229162
PP_0527,609.1447224,609.916012,624.7240092,535.93123,587.9657689
PP_0528,82.67945482,90.86092218,105.4454599,79.50291104,77.58506049
PP_0538,531.2700425,505.4967172,498.2776858,391.9683498,477.9327993
PP_0542,53.54547026,47.41782793,51.25172325,91.55618157,50.79336339
PP_0543,48.74873076,51.49946939,56.81511759,72.54949546,57.62008034
PP_0544,54.37241422,57.90716886,47.24807121,86.88384104,52.74641194
PP_0545,190.0462471,290.1870504,225.0644646,519.3457779,306.0209635
PP_0547,243.7776933,222.0208425,230.8544305,220.8977591,240.3788804
PP_0548,119.5261853,112.4604478,119.1083903,117.6015493,100.0328521
PP_0551,146.6123703,133.9110214,165.6151473,142.4743067,128.0391259
PP_0552,22.54517209,24.44213336,17.99324907,22.85883742,26.08275062
PP_0553,6.83238634,9.25689561,12.80883924,9.183341903,11.35247286
PP_0554,59.96262999,63.96263178,53.79875131,62.63624587,58.32474339
PP_0555,31.35942562,32.57788415,24.59504467,35.65668595,37.55262971
PP_0556,13.84425681,13.79704418,19.60486446,11.89656828,17.81140412
PP_0558,1356.07837,1078.255338,1091.208773,829.1920109,999.9964553
PP_0559,287.8891131,258.4274682,264.2663809,215.7366661,257.6658528
PP_0560,394.1826875,359.351444,405.3051996,355.1828096,398.5532031
PP_0561,337.1408295,288.8858891,302.3674069,224.2964061,262.0596493
PP_0565,164.3362058,158.2648575,169.7266448,151.875533,148.0137573
PP_0567,215.6880858,198.0236773,184.4457016,155.8935422,209.6220832
PP_0586,128.4859653,95.70898281,149.5950857,127.3816951,96.35825952
PP_0591,90.28220468,87.37267152,78.14181785,73.23495086,96.53850454
PP_0596,77.07440279,116.3444719,104.8013657,211.8850774,140.0058154
PP_0597,156.9162815,172.1349328,164.5755735,271.8565986,188.2796817
PP_0602,275.3746325,276.3931613,263.4848389,260.4056117,267.8675345
PP_0603,1256.138398,1104.310454,1205.537214,943.764508,1001.018179
PP_0606,341.4179262,270.2742068,337.9142439,257.6124922,252.8598917
PP_0612,169.9309107,186.2892227,202.0397073,174.0234566,191.8938636
PP_0626,357.7972932,344.4612942,360.2696373,383.3999098,362.986088
PP_0631,241.6489487,239.9208156,286.9182349,258.9644117,211.3678287
PP_0671,587.0036757,598.8167877,462.2525749,401.9706133,564.4097726
PP_0675,69.79303625,119.4925274,80.02065457,120.1679489,133.4579683
PP_0686,361.4089678,443.6821228,260.7558011,412.0626269,465.8583235
PP_0687,258.5770694,313.8061396,217.489424,257.5863562,303.1060605
PP_0691,375.445198,364.4800166,400.9972885,340.4495522,333.5540404
PP_0722,860.9299313,1124.805961,736.8018566,683.3839562,1215.755051
PP_0723,1675.908942,2597.242732,1682.834611,1487.543019,2533.089425
PP_0732,247.1319684,245.2049268,248.6501586,232.3450329,253.303044
PP_0735,128.9351495,102.4421135,129.389544,94.71737652,100.7568223
PP_0736,233.3940803,197.6298763,228.0632299,164.8114311,180.5225599
PP_0744,101.1950774,98.66098338,86.77363312,98.33526862,96.45683401
PP_0745,148.0081838,141.5344154,129.7047782,134.224802,144.8060688
PP_0746,47.13086243,60.3253252,48.55176366,61.33476273,64.78177056
PP_0747,53.62682514,63.15494161,58.09395526,57.15572082,77.07278939
PP_0751,400.7723688,534.5366003,349.3742047,458.6189179,566.3763181
PP_0762,76.54452147,52.9505965,71.73764539,54.38842214,64.06645796
PP_0763,44.24584419,59.28190264,40.99999039,85.6260555,84.59306184
PP_0774,831.4597755,841.8488766,757.4190675,951.2194404,777.1000254
PP_0777,469.639242,368.9196643,510.0781654,500.2375528,330.793404
PP_0786,102.8661124,176.5768216,145.7107415,207.8890366,165.7087056
PP_0787,155.8471669,149.8491057,161.1953119,151.9470065,153.8473395
PP_0789,105.342419,102.7979097,113.8494736,96.42775386,94.22347227
PP_0793,604.852476,526.105162,576.4579049,471.6624702,474.1461215
PP_0794,154.5376504,121.1144417,163.4646473,143.1602451,119.191196
PP_0795,424.9720513,304.6336401,420.6224864,342.144126,274.4057807
PP_0799,79.00899659,55.2245023,59.77399631,59.25291945,65.46467837
PP_0808,1951.14717,77.57143985,1891.560576,417.1635304,71.68725845
PP_0809,114.0925009,101.7857996,102.8421743,108.3529012,102.9061131
PP_0812,61.17026614,43.71214524,54.40044711,28.76194475,36.82526353
PP_0813,95.91375571,89.18747849,110.0685328,78.10944428,90.31157508
PP_0814,19.83065884,13.35092628,20.57875776,9.656269702,15.50602591
PP_0815,11.83317086,8.193579162,11.52532626,5.972641903,10.20606057
PP_0816,23.64647486,17.68986673,25.76486435,16.7132278,17.85491368
PP_0817,208.638844,288.7073237,214.2068274,247.4468213,327.5436109
PP_0823,304.5223857,286.2507525,335.6694002,294.4400006,292.0987371
PP_0824,113.306856,124.5411733,91.17381323,77.53216832,124.5534798
PP_0825,38.00074613,38.77517333,31.07805669,29.41042011,33.45514078
PP_0826,25.83107062,31.36389348,30.98190695,34.15887103,39.33458815
PP_0827,53.98471716,38.96150721,46.66731247,37.21358864,37.66185558
PP_0832,126.091804,106.5171666,82.06459093,86.28574603,105.7953255
PP_0833,276.4875618,266.0370922,264.3957394,227.8473783,270.8998301
PP_0838,422.1138625,475.995376,414.6497681,393.696045,465.3228007
PP_0840,291.8533279,173.566166,318.303772,188.6942916,167.4558598
PP_0842,1382.922511,446.5352302,1900.682748,482.5460926,441.4816428
PP_0843,391.4138607,175.0871772,474.0194513,178.1700297,167.6578619
PP_0844,237.4519514,120.8951475,313.3807561,132.4308744,128.5431918
PP_0847,378.6945517,205.4684548,394.2585898,213.4027378,181.4374676
PP_0849,1238.052562,1224.167321,974.1514767,869.3724166,1053.559679
PP_0853,429.3944457,431.3895645,440.005842,357.2709222,395.4682906
PP_0854,637.265318,518.4904017,650.4806531,511.1429118,504.6322651
PP_0860,63.84244892,71.13215931,76.14952121,63.15453854,69.79512161
PP_0864,121.9202742,150.5517894,115.7797166,119.9058815,174.0940845
PP_0867,54.49213571,67.00611419,48.37338084,48.06771318,69.92175057
PP_0868,227.8079731,271.348319,202.5619875,261.1264495,226.6277806
PP_0869,114.0564813,110.5091092,86.13953793,92.04241887,93.758518
PP_0870,141.0660417,132.4788487,127.8757751,111.2150835,124.955121
PP_0871,115.375181,115.2669041,119.7034807,94.20907997,104.6798234
PP_0873,26.12026569,20.09714821,24.28712174,25.44313498,19.33430363
PP_0878,77.94350851,98.88975478,94.84392997,121.5106568,86.47554555
PP_0879,59.40687131,50.93604137,57.98324051,84.18809917,53.56174973
PP_0880,45.50033614,42.88170354,42.15811437,61.79432504,47.99162254
PP_0881,91.02927808,82.33882069,87.64213532,131.9824576,92.09448419
PP_0882,134.0257419,144.6098938,135.1060514,229.269048,136.2515059
PP_0883,102.5283362,82.72679606,86.63051899,106.6641834,81.20263642
PP_0885,173.7536231,201.0142311,182.2698801,291.0800221,222.273221
PP_0897,673.2678127,681.8912019,611.2853627,524.5193038,645.7080684
PP_0914,387.0818187,361.3270702,450.8229536,448.2126575,380.5486082
PP_0915,4244.079743,3649.668352,4705.55555,4004.841715,3330.171512
PP_0920,273.0124907,184.5077255,256.5493264,186.237669,179.4153078
PP_0922,127.8753869,113.1552246,118.5227229,123.6735214,103.6035234
PP_0930,424.5955881,463.8505382,464.8304354,389.2139335,432.3689015
PP_0931,423.1541742,430.710176,380.1544396,344.9842217,405.0431304
PP_0932,77.32543614,85.46244559,80.81347734,76.99970452,85.97193209
PP_0944,61.15295033,59.44067961,60.20655066,61.51484271,55.76950506
PP_0946,17.08482004,18.76967574,21.8681186,22.33309119,19.68423378
PP_0953,537.3155054,541.278248,526.6913872,547.0711273,544.2500449
PP_0954,349.9624788,331.513515,354.8118674,328.0667628,346.0330569
PP_0955,308.5767097,278.1735232,311.5733755,287.143531,303.0558478
PP_0956,290.3752968,255.3238892,284.5944423,270.7897644,263.4999276
PP_0957,587.0545485,598.5593863,638.3532067,590.7397454,652.1423822
PP_0958,1054.523097,1005.29944,938.455313,779.9166873,972.7968853
PP_0959,483.6207126,387.4286852,380.6986479,299.4214892,374.6135538
PP_0960,344.4425166,291.6197868,317.0755256,270.1936593,277.9711025
PP_0964,1006.042866,804.6118482,852.9754379,653.4403798,731.0541256
PP_0965,325.5071775,254.5387178,293.7479931,222.5718924,256.8486081
PP_0966,279.4302721,262.0583759,294.9944314,228.6863083,266.4587112
PP_0967,265.2665252,227.0780804,239.1309953,199.4990019,217.3526032
PP_0970,30.09009741,24.12958064,23.49312644,12.90189022,28.43549049
PP_0977,608.8281657,607.2943287,625.5282369,510.3724433,630.6356086
PP_0980,450.2540677,491.6566902,421.530175,403.4531077,468.2758309
PP_0982,402.3848422,407.7340728,438.3032395,405.872864,416.9310583
PP_0983,339.8527546,274.8384926,269.9732838,224.7826994,256.6403077
PP_0986,74.0855669,69.89900155,48.96338094,68.17668549,81.05185455
PP_0987,136.1972268,115.0989497,83.6694193,128.8013401,138.6554632
PP_0988,285.5598174,378.6143392,263.6023406,453.5767302,451.1459489
PP_0989,77.48328317,139.8413713,101.5698328,254.3635521,219.0813458
PP_0996,19.78998139,16.39395055,18.1329697,13.30535555,19.48123711
PP_0999,678.561386,1141.916726,433.0845519,865.275783,1121.307613
PP_1000,764.2706563,1502.118621,473.3138277,1223.106811,1463.576694
PP_1001,1219.873573,2264.353703,643.4598607,2051.238577,2146.586318
PP_1002,4791.544208,5426.895712,1589.050395,6118.763334,4833.267376
PP_1005,14.46249789,21.95854408,14.53584468,18.79629012,20.03221315
PP_1006,56.91659119,75.46510944,55.73922669,57.32085886,70.9468358
PP_1009,447.9091263,499.9538598,441.9453987,386.981137,384.9941278
PP_1010,1003.63931,931.5956948,1006.659323,646.9431074,719.0488235
PP_1011,337.7230148,336.1743863,278.3394652,258.7846195,267.8801348
PP_1015,889.8598869,1869.991865,698.0824172,1584.474607,1895.94809
PP_1016,190.1546625,367.7812704,118.8345635,351.0485433,373.2190894
PP_1017,153.8706956,315.5100728,98.56644399,302.7862029,305.8782934
PP_1018,246.5986554,449.9787125,164.2591668,570.1459924,461.882103
PP_1019,400.7511685,701.7192886,236.0131038,954.395115,706.3110821
PP_1022,1640.519368,1172.561713,1664.691918,926.0631155,843.3960287
PP_1023,212.6025697,185.6525325,187.4251747,121.4423225,128.1739591
PP_1024,278.9192632,264.4795842,195.8070214,188.565328,177.7522265
PP_1025,361.5772583,418.8072002,405.1077376,377.9941853,411.22465
PP_1031,773.8065605,741.3728295,753.6237803,575.5754301,728.0725949
PP_1032,568.8468318,468.6076543,521.6723103,386.7510901,411.9481238
PP_1037,1179.047185,1068.906823,1196.982671,963.305843,1070.219786
PP_1059,634.3124002,479.1375041,490.4168171,397.0685895,439.1458517
PP_1068,177.7203175,238.873779,120.8280327,202.9580465,261.0441724
PP_1069,101.1613325,153.8487425,85.07095825,134.8957426,179.8106469
PP_1070,96.11990669,153.490247,85.79389197,129.7234903,162.6705688
PP_1071,593.1723487,950.1930304,469.6680267,924.2938814,998.1527075
PP_1073,1568.498435,1338.419077,1650.565997,831.3154097,463.4975772
PP_1075,741.345578,697.2607324,822.6389863,465.2056322,230.8491884
PP_1076,425.7203248,401.748698,477.8378612,234.8229518,174.1816558
PP_1078,162.8973678,142.0783285,165.1599591,130.687209,153.6254909
PP_1079,156.5693944,131.028338,185.4641049,137.8326769,162.2593202
PP_1086,135.8988124,130.9349692,107.1215314,121.6778195,129.0705122
PP_1088,628.2271326,531.9319934,567.2876404,558.1925529,531.5138763
PP_1097,671.5997393,646.9787029,719.6929062,556.1552614,665.4724953
PP_1100,237.1742141,262.8027887,233.6978674,216.2315835,253.0526418
PP_1129,160.2778818,201.6937795,114.6093727,180.7314351,202.7335039
PP_1137,176.5267874,176.9092498,190.3762032,275.4433318,189.349272
PP_1138,141.4909654,154.0747043,155.3322969,234.5363095,162.8707051
PP_1139,233.1842375,257.6090911,216.3900176,361.1916657,269.0502429
PP_1140,178.4643498,229.3388702,197.1026302,265.9481109,241.8969716
PP_1141,1042.196313,1123.065445,1061.023562,1305.211394,1090.443396
PP_1144,47.9953103,72.80142048,56.43952658,118.0046572,88.94040996
PP_1156,77.98422214,87.52113573,84.36462894,75.67367555,88.35077566
PP_1167,46.47111739,106.1715184,37.82711752,72.52915947,126.9743776
PP_1169,38.63464998,57.87599153,32.67288611,47.47999287,51.70437608
PP_1177,1441.325979,1859.580797,1659.717229,1504.435619,1741.800024
PP_1179,840.1245213,1169.708303,929.0168009,846.0328839,1096.124632
PP_1183,32.70458817,42.48398233,38.40863385,40.81358284,49.26851496
PP_1188,147.4449312,163.7959158,79.94275417,152.1054966,167.8014835
PP_1200,180.0809749,178.9698517,216.3621843,213.4364604,186.6837684
PP_1205,546.3579197,569.4879701,516.8276468,502.6927959,610.4541237
PP_1213,897.5768648,895.4090372,846.8481282,660.996871,879.5449181
PP_1225,70.60510777,78.07138267,69.01750634,62.21860941,73.78338559
PP_1226,78.48608396,74.66551565,73.77766402,92.10480635,83.65254858
PP_1229,64.62253708,77.61117808,62.12491643,89.00019144,91.66868454
PP_1231,267.1003062,242.5922779,269.3832837,242.2453304,249.5873872
PP_1235,189.0765697,146.7072052,168.5519164,149.4697389,152.2335697
PP_1237,756.8092899,778.6727904,778.012711,717.0385913,770.9932362
PP_1240,660.356753,648.4059168,684.6729729,584.8178362,621.0859628
PP_1251,283.5972765,246.6720572,222.1927999,235.5706052,262.236088
PP_1258,13.70590389,13.21515109,10.66097516,11.93525041,11.52646347
PP_1277,60.45970143,58.22838642,57.56238187,60.44253121,53.6361676
PP_1278,15.28243697,20.14732792,20.41300981,20.57612994,17.46777506
PP_1279,9.150677153,9.019301029,5.608741351,5.958505601,4.376874439
PP_1280,91.99626416,93.4162889,90.75243038,95.89037906,85.14644111
PP_1281,13.53004707,10.90833934,9.787382703,9.716989918,13.37898768
PP_1282,98.20220529,88.27268065,100.4166175,87.29190844,77.26128164
PP_1283,165.1918271,145.0853453,145.9096464,135.6732164,129.7911257
PP_1284,13.85909307,16.13986341,16.71558394,11.97267867,16.16042586
PP_1285,17.12232395,15.40043905,11.20476846,16.00695336,18.58083099
PP_1286,15.77250354,16.55326484,16.40426751,18.45605275,16.26529958
PP_1287,67.06582887,54.93993984,62.17527433,63.81836924,63.84945786
PP_1288,59.25837617,63.8211597,58.34152134,59.96295549,64.08386197
PP_1292,81.09661086,71.73694386,67.34798845,72.9708587,64.84168585
PP_1293,22.2082947,18.27683384,20.75959492,20.62644063,14.68198657
PP_1294,50.13374424,36.23327682,45.54954743,40.85602657,37.36173515
PP_1297,166.8591995,247.8233438,188.4938637,278.1395567,240.8945923
PP_1303,339.1549804,362.055542,298.3471505,263.6191421,377.0029628
PP_1304,741.5010252,810.5132674,784.1508973,587.6637741,732.8064892
PP_1311,403.6461341,383.4338242,361.5999331,304.0446473,356.0114449
PP_1317,1091.707791,1667.272991,983.2854132,1053.834061,1611.648225
PP_1318,2415.464257,3054.656307,2001.648709,1892.612698,2891.440221
PP_1319,2693.907968,3226.434423,2461.392953,2367.128361,2973.741722
PP_1323,263.8395186,232.1074985,267.0970531,263.1574854,260.0814496
PP_1331,2090.580244,1929.012018,1975.766649,1843.480223,1747.364398
PP_1332,1133.14072,996.8928288,1156.863695,1039.894355,962.4454125
PP_1333,1183.010284,1157.185774,1231.363456,1141.545944,1030.544124
PP_1334,1176.073675,1097.530733,1145.527842,1197.123079,976.1797082
PP_1335,1007.851199,948.822105,1098.793231,1050.81846,913.5747535
PP_1337,887.1502586,845.4010338,936.371864,897.8236206,758.4732001
PP_1338,1362.667042,1325.498224,1434.216522,1364.208102,1230.678944
PP_1339,400.2968543,447.6485354,472.4935512,482.012564,396.9235659
PP_1343,2496.796152,2840.392323,2650.201279,2589.47166,2724.015927
PP_1346,261.6219443,242.093233,280.9713418,224.2648201,257.419885
PP_1351,19.09124812,25.1647965,21.31093283,22.67332856,24.13985433
PP_1362,633.3763883,731.6705164,570.5915168,672.1443613,720.7905302
PP_1367,359.1144362,365.8393636,317.5895036,286.9113474,336.6172489
PP_1373,304.6970956,274.8377842,291.47873,246.318322,297.2300613
PP_1376,7.772668548,11.60773205,8.481235902,8.583958196,6.174786173
PP_1377,35.05255151,32.73584879,27.33951429,30.45442418,32.85390257
PP_1378,53.21880745,55.79953834,49.06028828,49.92491726,60.93509148
PP_1379,107.5502077,83.32571903,96.83189395,88.84877631,80.00841187
PP_1380,22.60068579,32.42426674,22.4698144,23.91203198,28.81392664
PP_1381,21.81907713,24.8213895,23.04548288,23.17578284,20.41885263
PP_1382,26.54781368,31.17666809,36.84228611,33.72211762,27.93237431
PP_1383,44.83675977,32.23401901,38.86136767,32.04628223,36.53284637
PP_1384,947.6593804,826.6370061,2615.420324,2181.529933,2214.946322
PP_1385,2283.666687,1850.246398,5315.625115,4458.083492,4606.668741
PP_1386,1321.822984,1023.271034,2107.676693,1818.516582,2019.805807
PP_1394,48.79171904,35.55634221,45.7778732,39.14770875,26.65643255
PP_1400,74.35440516,100.7232891,55.76940511,57.28047463,104.2274694
PP_1403,100.1062639,105.5368566,99.79831727,110.1294625,112.7593209
PP_1407,104.8481837,116.4445627,81.4444124,123.5021489,113.3649104
PP_1408,116.9626829,106.7696602,91.68878222,93.16006042,117.8813987
PP_1416,17.03713772,17.55614321,17.41588384,24.34627765,22.58649804
PP_1417,6.970739255,6.886433941,5.888182609,5.686476832,5.277280563
PP_1418,26.96753028,24.79161621,24.85354886,27.54778716,20.9195665
PP_1419,18.42998258,20.77664703,14.22452825,15.15883284,18.67025055
PP_1426,534.1573114,549.1851779,586.3020623,545.1228709,541.9790661
PP_1436,226.3765206,155.0747186,239.0364905,194.1947952,158.4866038
PP_1444,463.1352308,363.3529958,389.2080527,372.4301312,382.1086788
PP_1457,205.0457406,165.6024977,208.5969411,189.5865231,154.289543
PP_1469,585.404492,530.3589883,623.7319963,573.620182,534.0526649
PP_1470,302.6872891,295.782914,275.207294,230.9249396,269.4489453
PP_1471,299.2770113,271.3078603,279.8695533,249.595577,245.9451611
PP_1478,51.21320588,94.37446381,62.5593491,175.8802896,108.6338205
PP_1494,247.7733662,233.4998354,263.7046809,241.0949535,216.4609416
PP_1496,384.5775166,347.9521338,340.0649049,260.017158,338.0942412
PP_1505,345.4954431,350.2708999,414.8410043,400.4437339,320.7086468
PP_1506,722.5316186,638.3446261,752.3933334,583.6015494,618.9613288
PP_1520,230.609911,219.3415836,205.9072138,178.3401696,213.7534267
PP_1525,89.56315078,82.31233841,71.06389704,61.65125992,77.05683703
PP_1528,50.17442168,41.33293956,49.82264178,51.30919353,41.49063244
PP_1529,117.2525358,108.8922441,113.0615077,117.4488803,107.698611
PP_1530,290.6824294,276.2014848,233.3644413,215.5353537,255.3450158
PP_1587,364.924644,271.9586421,350.7778554,314.7474475,283.6920583
PP_1588,112.1540758,110.7437606,131.2854575,124.8914058,110.3191104
PP_1593,364.9754999,368.9534569,321.6014579,358.4937599,381.5040345
PP_1595,293.9228601,296.5320346,285.3641589,246.7068591,293.2064911
PP_1596,228.7081633,213.8273033,185.2621492,173.7801138,180.4051316
PP_1597,434.4636259,346.2177069,343.0684548,292.1910642,337.0701459
PP_1601,809.4091653,697.8137748,709.7200181,613.7137862,665.7427001
PP_1602,349.9523366,326.3459328,321.9092715,317.6028289,320.2644989
PP_1603,499.107576,411.8791436,458.9684113,346.3359807,412.4657837
PP_1604,201.7956568,164.8670664,180.9147813,133.1592218,167.2663702
PP_1607,523.798248,527.0727038,473.9320556,450.0631228,481.9317129
PP_1610,899.5123574,1159.812823,845.7312449,904.713955,1237.661113
PP_1611,315.7830322,367.4245684,317.6679283,313.062408,385.5101586
PP_1612,1575.343868,1607.813005,1459.045173,1200.950996,1511.761969
PP_1614,102.7489067,83.34933729,109.0425849,94.48026827,89.05738856
PP_1616,402.3626274,454.3024462,454.6371811,503.9715746,455.0650978
PP_1617,130.8417238,135.8985881,130.4035629,145.5307264,126.6955179
PP_1618,144.6559354,147.9917029,141.8509612,142.7155551,150.7067714
PP_1620,138.564853,140.9102806,123.2453391,136.0142246,156.3247594
PP_1625,779.664523,904.7549504,690.2191089,623.9404514,859.7209059
PP_1636,113.2140433,106.5424031,71.64488915,102.6253414,124.0639137
PP_1638,413.1374123,337.043749,481.4331858,321.4378855,337.7747632
PP_1645,99.85771006,134.5190737,118.1704715,114.0685098,137.8174176
PP_1649,56.78454916,54.66401745,49.37914932,64.8403004,57.90669462
PP_1654,230.5201995,194.3713613,226.8562837,213.8265951,218.8697474
PP_1656,886.0706161,861.6382813,1002.391626,819.0604624,829.918288
PP_1657,79.26851914,98.54696426,94.48682168,91.85732341,96.04313832
PP_1664,112.7895001,110.6871572,106.5057373,94.97947881,128.4470205
PP_1665,158.8898635,174.6617656,128.3075719,116.6873145,169.484776
PP_1672,147.4414564,85.62067888,124.6525444,80.28237473,78.32502883
PP_1673,161.8747355,80.98959214,130.446428,70.52259978,74.3024569
PP_1674,74.90699031,35.32214896,65.10812572,36.46445707,33.92975003
PP_1675,81.20525507,43.02994712,76.33959973,38.34491827,40.36017436
PP_1676,84.20278503,42.53427236,76.47932036,38.00596959,37.02050839
PP_1677,179.1053671,77.5945752,139.1221568,68.9823063,61.86885675
PP_1678,79.06282108,36.91199444,74.78249334,35.26568966,31.8988849
PP_1679,136.876466,49.8430308,90.94156974,58.18642906,49.111432
PP_1680,45.63951557,19.5756932,42.76811237,15.44997856,19.8683748
PP_1681,40.45821637,17.52207709,30.68567972,23.78140106,15.21410881
PP_1686,164.146997,116.9025573,151.830564,149.3615595,131.0037544
PP_1689,2010.559274,2038.636343,2151.140545,2435.900675,2296.662258
PP_1700,371.5191449,347.763534,317.5817775,308.6359179,321.2557735
PP_1705,46.77283789,45.47458573,51.1010645,50.12995646,45.36677003
PP_1710,10.51067596,13.34264042,13.54101432,10.27894537,9.582117391
PP_1735,172.5330448,163.9435493,165.7224685,151.4924248,164.0490268
PP_1741,39.96031841,40.62882065,39.63711363,42.75730682,41.09094019
PP_1743,238.9868187,181.8861806,271.7449604,291.0275748,182.8385849
PP_1750,606.5876347,776.8543056,437.5643866,762.7386797,703.4557474
PP_1755,177.976081,213.4793844,162.703233,188.0637353,209.1991841
PP_1761,619.2109884,549.1843888,601.7908357,693.1689085,563.7453493
PP_1764,81.56179528,77.85884154,90.69470944,77.13907769,82.03442756
PP_1765,262.9720659,257.0382016,292.843122,251.549662,256.7166726
PP_1766,113.8439471,101.0986858,106.9716302,80.03903196,94.49943608
PP_1768,429.0890987,431.603859,461.5573135,391.1206078,413.6116978
PP_1769,402.3052558,360.3013067,437.0488934,328.7998727,326.1096365
PP_1770,782.6526287,641.5368462,768.9094401,542.9304723,580.9877718
PP_1771,330.0430426,268.1119998,333.2694039,271.4855734,256.7963979
PP_1776,179.9394847,214.1003073,156.5775626,218.217842,238.0377883
PP_1778,147.2117389,131.0642168,149.0736929,175.3848891,126.943473
PP_1779,293.4138608,248.6217838,305.9784486,346.8680734,233.1413646
PP_1782,269.0049864,231.4589627,277.348371,236.8010979,217.6890272
PP_1783,312.8959442,281.0778603,299.1820807,272.4680864,283.7688831
PP_1784,284.3215859,235.759142,231.5437923,194.8174709,208.6564599
PP_1785,584.7226046,564.8646631,528.0946747,514.4957668,550.297638
PP_1799,226.0318118,232.334841,221.0399273,263.0152819,239.2484177
PP_1800,429.6243681,440.015537,412.8703449,499.1271118,415.9310757
PP_1801,180.7412452,142.9138506,177.1835501,197.6304782,149.6232179
PP_1802,286.0629708,278.1532023,300.6453102,362.1656894,307.1827888
PP_1803,426.3323274,463.3529885,432.832944,378.9774692,419.2470898
PP_1804,776.8681657,787.5293703,815.8510242,752.0251262,706.9007825
PP_1805,1721.801879,1574.90817,1654.339258,1624.89723,1493.915805
PP_1815,63.39623332,63.30372887,54.30335821,54.32936919,64.41153774
PP_1823,349.063997,591.3327549,287.7361976,483.1792699,611.0026993
PP_1830,253.187689,222.028268,265.8461211,208.3486126,234.9899974
PP_1842,502.8345624,559.738658,476.5570211,573.0051627,547.1058972
PP_1866,100.7753608,103.8179283,88.24383113,98.17684815,96.2204819
PP_1872,139.7426841,180.8283044,122.8946029,125.5885246,163.4535466
PP_1874,51.7259401,63.01716914,63.27304145,61.35760646,59.90130379
PP_1893,468.6391086,674.1898443,516.6206007,734.3674808,704.6402592
PP_1900,137.5979031,161.3027766,155.6419165,138.8814086,148.4361993
PP_1902,113.0286659,112.2483104,109.0150424,109.4498282,125.9043367
PP_1904,129.0891652,127.7913713,131.9706682,107.3384236,126.545683
PP_1912,210.6305683,206.3601469,193.5930101,199.8284375,215.6750678
PP_1913,374.7865084,317.8234291,309.5484461,240.3728195,310.0391523
PP_1914,1471.427754,1459.231584,1016.528954,1242.157837,1308.919765
PP_1915,19022.3171,17281.23053,16719.64606,12964.29828,14753.19331
PP_1916,396.7739322,422.4398661,343.6164197,349.2946653,416.6473464
PP_1917,151.9591792,137.5363969,130.1063965,124.4763119,131.8113404
PP_1972,467.4949309,495.5493169,411.1240473,438.6084379,498.2729029
PP_1977,430.413772,436.1236075,383.1123792,337.7991056,433.4626054
PP_1985,330.1371278,194.327495,335.3307171,273.6817473,194.4718526
PP_1986,139.3553244,96.29802638,113.4835389,126.6883379,97.65350754
PP_1988,213.7655284,189.1737931,189.7615299,181.8644668,191.593244
PP_1989,423.8289966,380.8965995,432.7579129,360.1808241,382.3546822
PP_1995,551.6758225,439.6195133,629.8072883,512.5756785,457.8364258
PP_1996,682.2162072,516.4854573,560.9488428,446.8570809,506.7230885
PP_1997,587.9750786,434.9248389,543.8281966,437.4305168,429.607808
PP_2000,563.996304,574.1922199,556.9610376,497.6063624,581.3386526
PP_2001,496.3497733,439.0850293,504.3683209,448.1948989,428.2336994
PP_2008,84.10807821,100.908438,85.5193594,99.17464689,104.8620603
PP_2012,99.47553355,101.4224987,113.3845199,121.4094827,108.3433111
PP_2017,602.0672924,654.6949749,625.8746461,659.9384292,638.4246342
PP_2047,40.90760549,36.94819141,52.86333863,48.61675137,34.25792401
PP_2048,35.9451514,40.43625258,42.21338095,47.32899114,42.79653092
PP_2051,52.38803215,53.90291619,66.4303009,74.93369963,44.56108721
PP_2080,1582.928529,2402.668298,1828.112372,2689.859435,2354.860283
PP_2082,1498.194662,1560.866816,1449.508233,1323.308687,1532.192246
PP_2090,16.49159362,22.04278991,17.58163179,21.40882546,22.86101206
PP_2092,3.378462374,5.914678512,8.643590348,5.881141343,6.573027708
PP_2095,205.1936141,218.0813207,227.9636348,204.6716327,211.7549655
PP_2098,434.1265607,352.4723806,461.4227349,414.4905908,345.1413953
PP_2102,188.1168295,211.5338219,195.9692517,190.2907381,225.866601
PP_2106,36.89561201,31.62332331,46.73275957,53.37933859,30.54417312
PP_2112,839.3420913,1184.443765,946.7329319,1454.555238,1199.4996
PP_2117,145.6361047,115.6447002,139.3783882,134.0647143,116.2033615
PP_2122,104.4841495,109.809204,117.4349029,108.6079422,120.9842592
PP_2123,192.9282366,170.5181469,221.366333,174.5982945,167.7163209
PP_2130,202.8189831,216.0589922,193.4757417,221.745074,224.3775131
PP_2136,863.6101451,1085.315809,771.8889189,1011.589089,1053.484289
PP_2137,557.7294249,628.9028917,537.1188151,630.0160231,606.7679254
PP_2145,156.649754,174.0725573,158.5672233,149.9929426,174.1946088
PP_2149,2194.291993,2289.461642,1912.602342,1521.802282,2201.851172
PP_2151,676.6242661,633.6432826,645.9883707,581.9220432,619.8825321
PP_2152,184.4345037,180.1164185,182.402471,172.3825417,179.6410038
PP_2160,52.57955175,67.96091891,59.21341704,58.63441879,67.2036264
PP_2168,333.7986509,359.6897443,351.2303558,354.6820226,327.2468472
PP_2179,641.5323811,686.644289,633.0323918,812.6402752,765.6760434
PP_2193,91.10045456,72.08831368,62.20884626,56.85789236,94.2824369
PP_2208,29.88374154,30.26259705,34.13723626,35.56643925,32.30002602
PP_2209,12.67260407,18.80630607,10.05512826,17.62579531,21.73200285
PP_2213,566.5547627,811.5014077,666.6617355,1298.579774,916.3644699
PP_2214,121.284645,229.0685824,122.125644,335.9180067,229.4590669
PP_2215,176.6165953,449.4786627,252.999929,819.5601299,495.7186462
PP_2216,130.6429583,336.8288924,167.779564,624.3334857,399.240079
PP_2227,105.7346414,83.24956958,96.61450629,85.2013229,87.77854444
PP_2228,221.1259028,195.2699105,206.806652,201.4235045,182.7385624
PP_2229,52.67722722,35.07019266,40.20863101,39.08785015,32.47981766
PP_2230,651.7938825,476.5736118,616.0811466,488.4687104,435.8748941
PP_2239,64.98059779,48.79318457,52.15134303,44.6465451,55.64577754
PP_2242,49.91803648,50.83994363,57.19263872,53.91671339,51.26892516
PP_2246,61.83218949,61.83143739,47.82958754,52.90474353,49.96787519
PP_2255,156.5847559,89.38938864,113.5724867,86.87263954,97.10543386
PP_2265,187.3102062,191.228136,187.9519487,172.2938927,201.8930551
PP_2318,118.8829295,114.7791362,128.850841,105.1023349,127.9719112
PP_2324,414.5018039,352.1353197,377.0274309,328.5239218,393.0677347
PP_2325,140.0513733,172.4368793,147.1633959,152.4665878,165.1137246
PP_2328,52.48953896,67.75134574,53.54609497,55.13633467,81.03880085
PP_2329,119.2097972,129.7025135,130.804242,138.3606431,138.1479921
PP_2334,84.36528992,89.93829661,78.10357061,115.471903,92.30328189
PP_2335,244.8763356,292.5429312,268.1472075,423.0596606,287.0099662
PP_2336,233.8948383,238.5848198,244.5226328,386.7265729,271.2816576
PP_2338,101.4412118,102.6212114,131.4796872,174.3662229,117.5571189
PP_2339,2121.374161,2054.408653,1926.461713,2118.042303,2045.017529
PP_2341,64.29835381,60.5671023,63.42469116,60.27366639,60.89402999
PP_2351,49.32481007,52.49894643,46.56116377,98.98209787,65.45307446
PP_2368,6.505687354,8.774580746,4.58788366,9.050651476,7.60441402
PP_2371,218.3765892,321.585636,213.6592256,200.9726496,323.5683568
PP_2375,556.6373415,462.8734337,535.445774,454.0871137,433.4418438
PP_2376,339.9734714,249.9868213,316.892649,268.8288785,273.3729446
PP_2406,13.82158916,12.65250426,16.43444593,14.02329338,11.14367609
PP_2407,11.30477387,8.473336245,8.909639147,8.1251667,6.998825509
PP_2408,6.412669737,6.758944615,6.620357683,5.241821639,6.344425549
PP_2417,17.58271799,19.89253875,25.31967513,26.16103798,18.24880398
PP_2423,371.9453411,290.2168125,358.4801058,301.769036,297.4774697
PP_2428,79.90711703,66.68060379,72.02463126,51.23677509,55.88548447
PP_2435,31.74864318,66.43270281,34.93953376,56.80924893,67.88073226
PP_2439,1558.647297,1452.000435,1616.673034,1741.733632,1523.767357
PP_2440,278.597427,324.8220328,210.1121159,292.8058381,303.1529716
PP_2443,314.6601294,305.1223475,270.4327529,254.2371235,329.0206023
PP_2448,105.9487924,172.7910276,115.1288355,143.3861034,162.8005974
PP_2453,826.426937,1261.19005,614.9736195,1229.498248,1325.7214
PP_2454,372.7640077,346.322842,354.4454455,364.5532766,339.753909
PP_2455,137.0334141,152.7010451,139.4200289,199.2427419,152.8623614
PP_2456,90.04131355,90.23211561,96.1298973,133.9320239,95.38873651
PP_2458,154.470474,155.2747666,158.418028,220.2160169,161.7320428
PP_2460,70.31974403,62.35005953,76.43744623,59.45256461,66.26841318
PP_2465,1442.390494,1354.806423,1416.199892,1372.582844,1440.099734
PP_2469,318.3298213,339.4527824,251.0968859,281.3622352,316.790955
PP_2470,597.866054,620.9074825,602.7731091,584.6856151,613.3056323
PP_2486,33.58469882,24.96839374,33.67280674,32.61986624,27.83475142
PP_2512,101.4109177,74.29784276,107.200371,73.65213909,65.59710835
PP_2528,142.9393963,184.6987296,145.5325402,187.9797231,175.8373883
PP_2554,25.28000597,22.00589093,28.36621984,28.80730962,26.40367378
PP_2586,30.87401691,36.33126152,42.88519918,41.73906762,39.15914867
PP_2589,14.2264695,12.27522062,8.200097891,9.261960029,11.76231737
PP_2590,23.01022399,27.30478929,18.40486635,19.85693824,28.46159604
PP_2592,25.47387259,23.57308883,23.4478588,24.29467826,25.32927704
PP_2645,53.36499176,63.9065657,48.62094692,48.16792117,57.53646273
PP_2656,13.84425681,15.71221058,23.4361631,18.94311685,13.85939795
PP_2673,3.659826061,4.728867595,3.459180516,2.84056003,3.738427766
PP_2674,30.40896501,31.15634084,35.45262442,38.85450351,28.53506231
PP_2675,1.558069518,3.544216844,3.583811933,3.231142923,2.127558489
PP_2703,14.5906724,11.84942998,14.98688175,15.82642515,15.80519383
PP_2716,8.154881239,5.12283328,7.343291399,4.91572057,7.999755042
PP_2717,22.09260943,23.70886402,19.15967525,14.53364944,22.63676114
PP_2765,20.04636659,23.60375362,26.32205011,23.77140494,28.93910487
PP_2800,23.80514841,24.60439083,22.45472519,27.30030422,25.77342951
PP_2801,29.33816127,23.45566838,35.13791448,30.37333315,22.34484311
PP_2802,39.89231546,37.63287457,41.01847311,54.62719766,47.1129698
PP_2842,34.98220154,36.04918411,56.79078702,34.1201889,37.47626292
PP_2843,22.52798881,21.04304422,27.06516329,32.65732933,22.72858208
PP_2844,29.01146228,33.06365473,36.91358106,34.66675417,31.24353243
PP_2845,201.0596245,234.0622136,294.4068338,250.3443512,232.7706802
PP_2846,51.10304116,41.80588756,54.16287999,40.13561583,39.39355186
PP_2848,15.80766043,11.984045,19.02919598,12.7588251,11.40273503
PP_2849,12.51475703,17.22563796,18.27269033,12.69807006,12.05713499
PP_2862,43.51126004,45.24341483,37.74190589,34.6176277,53.37325656
PP_2872,31.98084023,33.6160432,39.61202546,37.89904404,30.6118393
PP_2902,171.8012967,185.2740343,174.53014,181.9584751,184.3015709
PP_2904,569.3980651,610.698228,546.4171768,498.3949606,600.3235051
PP_2905,678.7079165,696.2469048,774.9807626,631.4883609,643.0595537
PP_3071,172.9627349,180.2161863,171.6853695,221.7031133,186.2406151
PP_3073,35.49959361,139.9610377,38.2304326,282.2126255,234.44771
PP_3074,20.08152349,59.43862794,19.55374897,74.13970739,73.35803932
PP_3080,64.93757333,58.54914584,65.22275819,52.95508905,55.53270049
PP_3099,28.85044172,46.06584569,26.76384581,45.96720118,48.60106223
PP_3122,41.89636035,285.376255,52.14356504,431.7812539,327.7403514
PP_3123,13.99509897,126.8039045,25.73298917,211.8081477,153.0899634
PP_3124,39.292048,117.8208652,40.9992328,179.1958208,142.084087
PP_3161,13.7434078,12.1486228,9.358979458,13.0978086,12.16635994
PP_3162,2.696876202,2.608389723,2.87596743,2.475776832,1.884452837
PP_3163,6.817550078,5.240064237,5.038920723,5.578332231,6.117273185
PP_3164,5.495055178,5.47034363,4.168721773,5.490558451,6.045256704
PP_3165,18.50733742,20.86313402,28.01665616,21.94501604,20.79583806
PP_3173,16.48141522,17.15165049,16.42690133,13.78994674,21.26899658
PP_3178,281.482416,68.49886649,336.3359466,130.8535238,62.01433765
PP_3187,29.9892484,32.12194125,27.33366644,25.36326298,32.48996899
PP_3189,75.52605791,68.64168821,63.64641149,56.58756568,66.30852402
PP_3264,9.128009503,21.17471606,11.08937841,16.01736288,15.90716795
PP_3271,27.78898987,24.64050862,25.78410466,24.50473294,33.67214088
PP_3282,27.18558506,22.47748928,23.03039367,22.70410891,19.60786606
PP_3284,3.101756543,1.620141731,1.428403246,2.188357892,3.08692832
PP_3303,103.2390094,111.4738181,100.9421096,124.490056,116.0830318
PP_3322,1202.539831,1232.779898,1218.893078,1348.909176,1225.923072
PP_3324,9.477376139,7.753347628,10.81408825,9.481170366,7.88617886
PP_3365,148.6476082,157.7221045,169.0331319,168.2168305,169.3189896
PP_3376,22.36931526,29.78411688,15.99434698,22.85758355,26.42202844
PP_3377,48.66906508,53.75296876,59.81096175,57.67526736,45.75776074
PP_3378,66.97132693,63.86545942,59.33389736,63.73804902,53.4597756
PP_3382,83.34768905,104.0297178,87.65722453,115.8133246,94.92378224
PP_3383,93.50244728,146.9911448,109.4225086,136.220931,150.6918154
PP_3384,67.35353962,72.56838739,66.16062521,85.90010896,79.02003691
PP_3410,40.82241927,30.12368919,42.03348295,25.07831695,20.2753188
PP_3416,52.03380277,66.86651067,43.90020902,31.76384394,65.58790953
PP_3417,140.4067134,100.0444987,97.05799875,79.12560282,75.51893582
PP_3425,16.32356819,14.12833063,24.05125136,14.59813126,18.72921425
PP_3426,43.73628351,51.21479662,59.04597233,40.20257057,36.56475295
PP_3427,33.24782142,21.78773209,29.83056999,17.40411207,22.22256539
PP_3433,1191.01836,1092.672091,1454.175192,1932.830814,1409.209104
PP_3435,65.16577033,68.78915059,68.15221608,92.95835575,76.31301473
PP_3457,43.06804927,48.26352286,53.21723498,39.55036843,49.58363802
PP_3463,72.08297015,119.4227769,81.06274017,182.5528993,141.8259852
PP_3507,277.6099154,166.0617068,261.6069931,163.9471285,154.8361697
PP_3511,952.7977637,914.0215143,924.9826796,940.5154423,883.9702164
PP_3530,76.42648918,70.4733108,85.05323313,73.18881517,73.3976977
PP_3535,482.8205689,251.7249711,489.2614013,415.0191674,241.1135926
PP_3537,26.59784302,27.94981977,20.14111316,20.85188549,16.88539159
PP_3540,177.265444,273.0672289,203.5032999,514.6843162,312.637432
PP_3561,46.26093019,50.6829249,52.12455811,60.65383976,55.89563581
PP_3581,247.5834635,261.5182352,220.8536572,270.7343898,291.2838462
PP_3591,30.00408466,26.52036956,32.40268621,42.84135382,35.0012444
PP_3602,12.484258,15.18344038,17.27616321,10.96067398,14.48334113
PP_3606,12.72028638,16.8772361,16.84021536,15.55188864,15.93762381
PP_3630,27.01055474,20.99383518,29.21717848,24.39411543,20.62039858
PP_3635,32.49588529,34.54749831,46.3686309,45.03628753,33.13761634
PP_3636,30.98970217,40.41476517,40.28969154,48.99069022,36.13895514
PP_3637,13.21583732,12.14978297,9.479459775,13.77455657,15.61235034
PP_3648,60.20566325,61.6310416,50.02196166,57.09001995,58.81625566
PP_3667,143.2004394,132.3260124,140.2364765,120.969843,142.8312678
PP_3713,17.44436508,17.99912844,25.91043283,31.01637963,28.19578356
PP_3714,6.955902993,5.381994452,7.928201239,6.28460667,11.41288729
PP_3715,9.394536928,8.550456374,13.95432835,15.31356135,14.86757831
PP_3720,56.35852168,47.27589772,53.69166345,53.93213839,50.11961143
PP_3721,43.72062073,29.88709643,34.53376433,43.95440697,31.97380097
PP_3723,47.96715828,38.01658188,46.82966691,40.62267993,41.47612895
PP_3727,31.45475407,25.36138875,31.26643846,31.22518044,32.76353143
PP_3736,17.73590717,18.91454913,21.4455632,25.80541044,19.82341545
PP_3737,12.86647069,12.87271477,14.54338929,13.60569175,14.39296998
PP_3739,14.49534394,14.63105192,18.13127295,13.29247312,11.64438996
PP_3740,10.88505727,14.53762871,11.79552616,11.49059521,11.8845951
PP_3745,61.25376316,213.1659649,93.8345346,531.7523361,314.3647761
PP_3746,17.13481319,49.42436586,26.17308812,118.7204659,67.35005796
PP_3747,12.81095698,49.64849023,21.73009472,118.5245475,62.57546318
PP_3751,186.733898,201.4291342,137.2332118,257.0355675,210.5345896
PP_3766,160.8446454,116.5887341,146.9867099,126.511123,117.5977326
PP_3794,239.4741939,199.3491461,213.0224427,218.4569749,211.6413911
PP_3796,23.68163176,30.49519677,28.3788547,30.6129143,33.41213036
PP_3801,12.67260407,6.219134853,6.480637055,8.072348269,6.295614102
PP_3802,3.194774159,4.551009072,2.447564184,2.018239205,3.148792541
PP_3803,5.472387529,5.363450215,2.87596743,4.326746385,8.60244304
PP_3815,14.36948027,14.69694299,12.82392845,11.54466751,15.9332735
PP_3819,838.1952122,662.1381573,863.9093306,898.0458914,664.2266849
PP_3821,500.3306461,635.5698004,472.1048068,499.0446761,606.4498635
PP_3828,62.08239633,52.4307598,65.35247986,72.87810427,63.88426494
PP_3829,28.2923722,25.30370436,28.79801659,28.76984654,26.41767814
PP_3830,41.13897603,41.09963781,49.69046576,38.07086482,48.07764245
PP_3839,1410.987684,2132.29997,1071.582003,2315.299944,2076.357392
PP_3844,15.56380066,13.24492438,15.10227181,17.99559399,12.10594643
PP_3846,23.36976903,29.29405346,25.80843523,23.13212006,32.63400196
PP_3931,533.3807294,564.1044687,373.84156,735.5429306,535.4654785
PP_3944,5.251195403,4.395798134,1.428403246,2.957860285,4.204334549
PP_3947,124.887269,16.31585974,143.5202457,59.05158587,23.50525976
PP_3957,621.5395901,431.4588336,520.0884708,386.5867788,439.6697295
PP_3958,495.2993264,520.2250103,522.3748255,613.8131264,522.882037
PP_3970,12.46159035,20.18851974,17.84768059,19.67142938,23.10846802
PP_3992,90.19771244,75.97924926,87.57786075,68.9182727,80.56468888
PP_3999,436.508758,351.9444787,437.2757558,379.8310397,368.6301797
PP_4000,531.1373789,463.2504983,524.4274272,453.2235818,458.0824385
PP_4011,4995.196907,5677.335311,5593.254953,6821.278084,5858.303722
PP_4012,1509.648437,1528.106108,1335.279201,1642.378793,1485.451612
PP_4016,203.9584838,288.1082593,167.9896404,221.6127622,299.982444
PP_4020,58.66349673,57.36827538,48.22102535,74.06517347,84.2436336
PP_4029,191.27818,165.2685119,213.3673311,180.7323104,171.5064395
PP_4031,235.0166065,180.875816,228.9324378,223.7124474,191.7681862
PP_4034,35.45743185,48.21520534,37.00218621,56.09005723,59.29766235
PP_4035,21.7432428,17.75440815,20.60893618,17.0522113,14.21752958
PP_4036,40.47387915,26.244795,45.91174598,35.12801858,27.09383241
PP_4037,35.27374363,23.76538824,27.79979272,27.66929725,25.26161179
PP_4038,13.65591074,16.92342277,11.65580553,19.39814674,16.82207665
PP_4050,25.26051186,45.49839348,33.82931333,46.88976482,54.44475185
PP_4051,21.17499487,24.68588296,21.44310886,27.74791538,29.94728615
PP_4053,19.33193437,35.75390514,34.99404275,39.03252398,30.98447349
PP_4055,24.79311294,41.17907827,27.23921345,44.5001666,40.17313006
PP_4058,27.98050948,43.47730435,31.38182852,47.65007673,44.52387689
PP_4059,58.99885362,77.84474848,70.08321672,88.9345254,88.04340348
PP_4060,35.99518073,51.33259604,41.85264579,46.35608197,56.0135623
PP_4063,282.4915639,305.6915764,252.4592902,457.9125254,341.2638005
PP_4064,912.1543325,818.8440507,885.5569574,1346.951484,905.687635
PP_4065,268.1700663,337.1044917,276.2534789,535.471457,395.8482093
PP_4066,72.57148004,104.6508614,85.1133566,171.5436677,128.3851517
PP_4067,202.1581343,352.2170669,225.8060626,633.9163684,394.6548832
PP_4097,187.3978719,197.6980566,206.2924611,222.9154643,208.6975168
PP_4103,33.4643557,43.02371292,52.72701151,38.69183839,54.09097053
PP_4116,479.8404942,509.9253302,460.5058106,672.7377497,508.8157171
PP_4119,871.0368023,935.2573615,912.6198665,967.2686335,994.1127709
PP_4120,521.6874961,462.6344118,439.8229655,409.965133,458.0475371
PP_4121,529.8777469,509.4897472,465.2579513,501.2754753,565.4826757
PP_4122,159.4799164,167.51861,155.1132124,162.7130135,176.4748321
PP_4123,561.73404,491.7774249,514.9894542,534.9280583,501.8299738
PP_4124,1283.162626,1165.499262,1166.231593,1232.267809,1167.887777
PP_4125,617.8984186,508.542983,522.4540857,615.527959,550.2676766
PP_4126,248.6948361,191.3190557,205.1827649,245.4527655,207.78261
PP_4127,201.9309687,156.197313,177.2769029,185.4993604,173.7925142
PP_4128,124.9076258,107.8989221,114.4243845,115.2722231,110.6583901
PP_4129,1130.604711,858.5867088,967.4155898,1036.407969,924.9257162
PP_4130,523.671148,390.7836225,415.7288191,497.6341171,422.7621924
PP_4131,770.7952928,558.0740798,614.5520033,689.8220488,598.9262325
PP_4140,341.7395576,424.0912603,363.8975167,473.3484485,428.9847231
PP_4144,98.59072887,86.59929135,101.7696769,106.2241862,80.47091994
PP_4159,6.412669737,6.32192492,3.887583762,6.231788238,7.302344662
PP_4160,21.6330419,25.99507986,23.60266864,16.82011853,21.14091783
PP_4161,14.96822723,20.06424226,16.26454688,8.908805396,17.0637325
PP_4169,273.1461496,239.5308989,237.5314388,246.5912261,251.1779538
PP_4174,761.4315536,717.4692755,655.7669717,661.3283176,644.8970781
PP_4175,1229.605437,1134.967306,1030.007653,989.3293908,1044.550811
PP_4184,76.39215881,78.65905181,76.82684464,69.57963049,82.35340179
PP_4185,2613.260295,2752.303567,2241.20113,2504.006186,2632.122268
PP_4186,3825.894551,4207.979282,2961.954292,3458.229085,3900.097083
PP_4187,2133.627036,2585.902062,2112.837334,2659.691579,2510.521073
PP_4188,1058.71286,1256.007591,1020.605411,1381.306565,1248.133511
PP_4189,1949.341691,2397.161798,1903.711836,2164.929496,2419.781779
PP_4190,1333.058834,1384.489003,1352.772376,1422.912324,1391.390426
PP_4191,2355.667527,2373.760686,2122.377341,1994.420593,2366.223417
PP_4192,359.7992923,361.6328529,304.1334377,324.0903916,378.5882211
PP_4193,1322.090711,1375.0854,1194.218245,1256.109236,1428.099647
PP_4194,1024.680027,954.1757645,921.1992901,1030.430272,983.5432147
PP_4201,1976.693083,2163.383972,1984.022589,2073.455465,2042.746478
PP_4202,1314.281723,1508.841978,1328.939012,1340.083347,1451.238085
PP_4203,671.6861448,753.429876,686.305629,724.0513625,779.2607717
PP_4209,33.1274783,27.73487277,35.04685499,29.1358836,35.28205857
PP_4210,57.39264801,56.12939597,61.64487348,53.45670285,55.13686034
PP_4211,35.22288778,22.37996272,30.37021219,27.88182485,22.09158613
PP_4212,26.68851361,28.27487202,29.35859586,28.145917,29.61621073
PP_4213,9.271020274,10.25040711,10.09285129,11.58209577,13.71826551
PP_4214,13.64573233,10.92707306,14.49981841,14.06197551,11.56077142
PP_4215,6.955902993,12.04885509,7.180936952,6.766690122,8.546379846
PP_4216,19.92050292,27.82554228,25.61250885,21.18714221,33.35316665
PP_4217,108.1506077,127.3717604,123.9714848,117.4825469,125.6984396
PP_4222,14.23112735,12.12392355,14.2228315,10.85252938,11.8096781
PP_4223,8.240067467,6.29009996,6.486484907,7.707565071,9.216733092
PP_4235,27.52794682,22.1867718,23.73654142,24.27806904,21.14526814
PP_4237,31.45244324,30.28896901,25.93136989,26.8328053,25.61684383
PP_4243,46.48912718,50.9931029,59.48192019,48.43249638,59.98057109
PP_4250,3605.790573,7584.126957,2422.467627,6259.784261,7929.268696
PP_4255,841.8598844,701.9853342,648.9026358,564.1698293,733.5571593
PP_4256,348.2425492,254.7742608,283.3885446,231.9793881,257.6794037
PP_4257,58.46341557,41.2786565,56.87132334,46.77995295,54.43120087
PP_4258,761.2725683,520.1357215,657.7979676,534.1896377,584.5419524
PP_4264,1213.567071,2028.234288,953.6735141,1981.758386,2108.574111
PP_4266,97.20254186,119.2236204,72.19622706,107.5168923,110.1190152
PP_4278,57.02527158,51.98596677,56.99086449,66.76076725,46.4121607
PP_4279,92.37761416,70.67168606,84.17420776,115.5239158,82.38580472
PP_4281,45.52617733,45.34156424,43.79066682,53.98662408,55.12815787
PP_4282,64.32399011,78.36809046,49.39763204,56.46483655,85.37699682
PP_4284,18.26430416,22.1229324,14.97179254,22.69912826,22.22256539
PP_4285,36.36021014,39.94521849,36.78310179,36.27769434,39.59654853
PP_4286,26.62516852,37.3492828,28.51518182,29.89375743,34.84125907
PP_4287,13.75123919,13.15951838,16.24021631,13.39563707,17.25077496
PP_4288,30.76150517,25.35407356,24.58919681,27.63681481,25.1451351
PP_4290,47.62327601,39.63522998,40.4671352,34.89091033,45.57216901
PP_4293,51.42739313,57.14172036,45.48749383,41.45913706,54.50806864
PP_4297,34.26311146,33.7220451,29.66067093,30.81673447,29.16045621
PP_4298,67.92013451,46.03383124,64.32483516,66.23502102,58.696426
PP_4299,23.27675142,22.18034812,25.89704037,21.72702474,21.87893633
PP_4300,3.637158411,10.43539134,7.639518622,8.724550407,6.758620371
PP_4301,13.55271471,16.74877609,16.83436751,16.51730942,19.46093259
PP_4302,19.21159125,10.16294944,14.5509339,14.41513014,12.81785938
PP_4305,562.0815779,469.926274,452.9615245,379.4054244,446.4211255
PP_4309,37.52868935,40.19474414,38.59701562,33.42679689,43.05654237
PP_4325,351.2897039,392.1189707,426.1948888,382.0017714,405.0049648
PP_4326,238.7514412,271.7611831,295.4829581,296.3850344,290.1596407
PP_4327,113.5922921,139.2442857,123.6211635,128.2613879,158.2734548
PP_4379,4.378916143,6.727119655,8.069618621,7.029563237,5.941832782
PP_4399,357.5032715,450.1133444,367.9622832,425.5572641,437.8090403
PP_4401,332.9157713,552.3151289,332.4302708,967.2492483,632.987371
PP_4402,246.7280179,433.588756,297.1794481,811.7168923,479.238769
PP_4403,379.2880139,612.9787271,408.2595698,1209.859318,720.5751296
PP_4404,457.0527771,851.2584996,536.79983,1713.742152,991.8726662
PP_4405,172.3655808,218.4100973,190.3311689,225.1670689,219.3037467
PP_4431,59.05902518,62.98027015,52.56126355,66.78907469,55.34951013
PP_4469,43.65727564,36.02448485,37.07985323,31.95227393,36.21677265
PP_4471,795.433172,668.2973139,662.7476016,574.374485,579.614655
PP_4473,898.6073716,707.9142537,862.1934966,597.4135107,637.4304263
PP_4474,601.3995834,582.7394492,578.4399636,434.5545905,559.4316839
PP_4475,384.7691448,541.3265112,435.0182977,656.7486465,552.4541684
PP_4477,360.9738173,576.6184543,417.2331651,729.9731158,546.7521104
PP_4478,285.8613692,435.387204,298.8088923,496.7333598,392.5326121
PP_4479,299.6411178,403.7227304,303.3286653,435.8907835,402.9165438
PP_4480,430.0602727,595.7578816,444.9142041,583.6105504,577.5634396
PP_4481,930.8263544,1076.995996,901.7309671,844.9046085,972.6300249
PP_4483,246.9110605,199.3912606,227.3327515,219.4939177,202.5619128
PP_4484,91.34048299,96.97852702,76.73367345,97.05833131,107.271814
PP_4485,111.9625562,102.6378934,94.7209953,111.2454019,116.3575467
PP_4486,533.4178284,661.1917567,462.1678357,535.3493731,707.1008348
PP_4487,2251.522895,1579.277582,2377.846008,2457.440776,1550.821929
PP_4490,1095.944169,1166.333164,1139.875526,1618.875532,1323.920209
PP_4491,411.6787066,451.140133,462.8509552,725.1420687,492.1575475
PP_4492,71.82592715,49.35796224,61.05750929,66.7416503,58.99559484
PP_4495,119.2659325,85.45661362,114.5786701,119.0368722,95.07701495
PP_4507,150.3446169,136.2573275,151.9378852,127.6295354,129.9926708
PP_4523,80.30861895,67.32606763,62.0754977,52.20968425,47.81908265
PP_4524,188.3095562,88.79268206,138.9524393,135.5279101,61.27101634
PP_4545,282.9186951,267.9710962,210.6712892,214.5678945,262.2075353
PP_4547,39.39676452,46.84999676,39.34427991,52.26336431,44.0217123
PP_4548,43.41275805,44.04378588,48.43128334,68.57472194,50.46373869
PP_4549,823.2508588,685.7651867,783.3327216,647.1433065,689.6007694
PP_4550,108.2607362,99.8605643,105.4330066,102.2655737,99.75058904
PP_4552,160.3053398,161.4540736,130.6545225,156.8935397,154.14021
PP_4570,397.3064979,431.4185814,411.7507794,416.9520063,436.7636468
PP_4571,220.6843089,200.6510589,252.7139341,243.0398405,201.8862549
PP_4594,115.3109733,165.6427188,116.3519916,164.2150382,163.3351658
PP_4597,88.64008803,30.75319778,35.66416423,25.92769134,28.827931
PP_4613,61.90171294,57.90155115,64.91728961,56.85416558,71.96662005
PP_4619,54.98851316,70.67602692,48.37262325,238.9921941,95.36213183
PP_4620,83.7074028,79.40311684,70.64005983,252.9178893,121.2617149
PP_4621,269.289167,311.4506482,265.7043611,550.6079707,420.3857895
PP_4628,122.0571428,141.4896639,124.0753607,105.9949238,128.2082661
PP_4632,301.1281442,153.4047307,360.6315968,195.6842042,155.8574037
PP_4636,119.3839648,363.8173334,142.2240978,742.6754505,476.9415446
PP_4643,20.28787935,28.07018339,19.41987619,25.81829287,30.90520526
PP_4646,230.7750642,97.34492944,279.2631822,155.4089647,81.16592801
PP_4650,163.7554325,169.6644347,243.0846526,204.0943219,189.6135908
PP_4651,314.7628725,305.2800683,444.2293566,327.5611208,319.0166033
PP_4653,138.3131618,150.7429831,125.978113,135.1615368,141.8085821
PP_4655,10.88505727,10.4168471,10.79899904,11.03431146,8.675909315
PP_4656,8.43158707,8.799280004,7.20357077,8.700004582,8.806889503
PP_4659,193.8316365,290.6437633,173.4793372,252.413621,308.2876021
PP_4666,40.40736052,58.3357132,55.12413842,111.4850739,71.07541183
PP_4667,183.5855499,295.5760697,262.3026752,360.4397038,309.7327252
PP_4670,69.31611673,84.60932516,74.29543,79.7175193,92.83880377
PP_4677,705.52402,666.3651446,663.282828,599.9695083,657.3848411
PP_4678,1120.824267,1093.863654,1031.138598,1021.984567,1001.811848
PP_4679,228.5074605,270.2364164,239.6536905,229.9091733,246.6116613
PP_4680,592.7456927,702.8748411,581.4226543,583.4622882,686.6279375
PP_4683,707.8778966,599.7301567,656.5017622,557.6890189,576.5132453
PP_4686,96.02144088,82.64789292,93.591353,74.30604332,79.5975691
PP_4687,47.27308286,43.14121254,48.56930722,46.56986344,45.29185396
PP_4688,55.80745703,69.73450929,55.39603507,60.49785738,64.15442773
PP_4689,40.0954978,40.91465359,49.23433843,42.05601303,34.61315512
PP_4698,72.19330358,74.52998434,61.95128122,58.48592479,69.60467951
PP_4699,149.1298434,162.7232948,122.584459,126.0048375,178.6675876
PP_4700,177.9797437,151.3423705,146.7272665,110.0695479,137.0822997
PP_4701,495.3533557,472.8073327,478.0867091,440.6557317,445.0451035
PP_4702,133.1833401,137.6311761,142.7253112,152.5605961,145.7910432
PP_4715,1336.674488,1723.313627,1257.772282,1344.12377,1714.551883
PP_4716,685.9790976,668.703531,650.4761075,614.8433926,638.5077582
PP_4717,284.8283466,264.6148405,291.2468292,282.374997,264.114671
PP_4723,918.2432418,1082.12305,873.2961881,981.8408627,1091.136932
PP_4724,284.9340222,365.2073156,263.7265053,360.1429899,390.819821
PP_4725,411.2143247,442.4222204,385.8966836,388.1669598,415.8769661
PP_4735,243.3471335,180.8620475,212.2745449,105.0881986,172.9515243
PP_4736,223.2494935,99.84096385,197.3733691,85.67801231,109.9102184
PP_4737,316.795171,142.3211322,295.9471691,117.8610879,160.602039
PP_4758,8.630111546,7.683542687,6.339219672,5.553786405,7.720890716
PP_4762,173.8398769,154.7235631,168.6264233,171.9736824,143.5890908
PP_4774,46.09990962,46.15438435,49.86715182,47.02492815,52.33607014
PP_4779,253.3705869,239.1186576,248.2432167,241.8897165,228.1468738
PP_4782,161.6958739,176.2203778,155.8219961,152.398414,174.718524
PP_4783,95.03512938,82.32329881,76.61243554,79.47627087,84.00487826
PP_4784,291.0692036,264.6562529,280.1186346,237.823029,259.4454052
PP_4790,352.4368311,293.0386619,319.8761492,237.951923,279.7767651
PP_4794,1249.316544,1143.335358,1279.980971,1077.278823,1152.560118
PP_4799,170.3671166,151.3195583,150.9362678,161.854126,149.3235545
PP_4800,703.0562026,576.6833683,656.4995987,579.1609443,544.5409628
PP_4801,311.3905514,304.4364003,308.7604802,309.594656,282.3610086
PP_4803,1387.210703,1114.614511,1259.364388,1054.303507,1070.302462
PP_4805,387.7525324,323.1464894,369.9649938,293.7957139,329.553678
PP_4807,450.1769178,349.4844844,437.7899672,309.2935278,340.709435
PP_4810,175.9086549,139.8556834,164.4360862,118.0324604,136.9527693
PP_4811,418.8000238,359.7934259,395.6260326,301.7831934,338.5751423
PP_4817,131.9898824,149.7724189,137.6530795,170.475027,142.4673315
PP_4822,245.8606135,228.2235303,209.5124595,180.5076363,235.1151757
PP_4823,211.1641123,171.983367,179.1568398,130.4463528,161.0781027
PP_4826,129.4847298,74.75456685,126.7536774,74.86799877,69.33886796
PP_4827,60.56520829,41.50688422,58.87437653,32.08078935,31.97380097
PP_4828,30.84586489,17.54151283,28.20556214,18.70977021,17.35855011
PP_4829,78.79712017,68.67138232,76.75291376,53.25660946,67.2060287
PP_4830,75.79493235,67.83567075,72.87389314,63.20861084,61.87610665
PP_4832,18.78404326,17.26291591,21.03394592,17.87205922,15.56353889
PP_4838,811.6322479,1203.244145,1139.604066,1359.916359,1356.664177
PP_4841,29.40385338,32.04679362,27.96723742,32.85321288,31.2014736
PP_4842,8.40891942,8.139106618,7.337443546,4.954402698,6.934060774
PP_4843,8.247898855,7.769840191,7.047064176,4.340882688,7.471984038
PP_4844,13.63790094,10.62769075,12.09005663,12.18273335,10.55984189
PP_4845,9.40937319,11.3114824,10.63834134,8.803168533,10.57869569
PP_4854,15.09640174,18.1522877,21.1678187,21.77113574,20.05251674
PP_4862,162.0187415,152.6895722,161.7215617,158.9066914,145.6509118
PP_4863,11.5814797,16.14075492,17.71041431,14.94877816,15.15659489
PP_4864,16.70260734,10.81081279,12.52939798,19.06041711,11.1842842
PP_4865,4.738461185,7.982735514,10.94626427,9.469506975,11.63568842
PP_4866,43.63077665,52.21233231,43.02322306,42.92369873,44.37744348
PP_4867,47.48257608,69.5228533,49.68292115,84.56662643,66.11037586
PP_4868,180.5593788,235.645856,169.2599943,171.6159045,202.0719017
PP_4869,229.3390985,268.6855823,228.0434135,222.6854448,204.6049286
PP_4881,241.5235017,196.6420801,206.1805738,159.3583867,201.9046189
PP_4882,100.1663993,64.72950909,89.79508966,47.72410645,68.92902437
PP_4889,745.9966275,674.6507261,636.6822829,583.7480884,623.8620562
PP_4890,358.3915872,285.6944254,300.3698589,261.4471429,268.8772141
PP_4897,593.7240041,569.4969707,590.3711614,625.2031115,603.0711252
PP_4900,274.1786229,209.5865371,255.9153405,229.5069482,209.4819444
PP_4903,358.500135,339.1988847,344.4608247,357.9305854,362.6748171
PP_4907,94.67492653,96.23011477,107.4309695,88.75351414,107.783182
PP_4908,200.6436669,168.7085242,176.2062633,142.653098,158.6765504
PP_4909,411.8358357,344.3567755,370.3957995,356.8727676,333.0098179
PP_4919,337.2414736,276.855149,298.4241117,294.7000222,282.915834
PP_4922,118.8673993,121.3446356,112.1979142,127.0759996,127.5510104
PP_4928,150.1881579,146.239923,150.2374831,125.5399508,136.1036217
PP_4934,861.776256,609.5861543,823.908738,730.5367887,621.1371738
PP_4935,889.3665344,674.0345774,818.6232902,755.3059202,700.7463696
PP_4943,405.0251933,346.626199,414.9101301,310.6965636,336.5853368
PP_4944,859.3473353,872.909038,829.1689052,771.7340299,858.6316207
PP_4946,711.8128191,676.0131194,559.5756614,560.0811174,594.7432256
PP_4960,626.032715,623.348184,550.3570785,456.548549,571.5380681
PP_4963,496.4950347,419.0998357,484.8916125,338.6997008,380.9815709
PP_4964,121.4615694,122.4260381,110.2753973,107.9402802,123.6883781
PP_4965,681.4930569,559.3303073,587.9112233,481.4193937,556.5396195
PP_4967,1817.103132,1613.268083,1677.130698,1547.308423,1441.9474
PP_4971,109.5302693,107.5022819,94.10444366,86.87970086,105.6977035
PP_4974,382.3170987,270.2647376,274.4741797,173.3978386,237.2257689
PP_4976,711.5612657,804.5916065,705.0697657,786.0505199,781.1384124
PP_4977,127.0890842,147.8783858,120.2219524,120.6496538,150.4636667
PP_4983,413.5344203,357.943638,335.9343282,290.0355835,343.7875912
PP_4984,154.9466995,153.9976089,152.7954493,144.1484748,169.2049152
PP_4993,902.4122913,800.8737289,1028.26848,1021.870912,825.1379232
PP_4997,94.20504807,138.1856643,75.62514978,117.8219438,135.8938761
PP_4998,237.2035492,256.3272801,202.7711248,261.6813163,254.9250638
PP_4999,217.3975838,239.812714,186.8415467,248.28994,251.6801184
PP_5003,125.3610511,135.4741471,137.611963,137.2866295,136.0673639
PP_5004,85.82065337,80.08675014,71.48721002,83.39449918,74.99891292
PP_5005,60.26583481,60.51397941,66.56323451,62.00235504,61.51362286
PP_5011,291.5151711,329.503599,333.3563846,359.0148829,361.2437403
PP_5013,273.4267229,274.637609,289.0002887,241.9646079,286.5493641
PP_5014,395.2850047,333.1106989,403.9917211,366.1322174,338.0763755
PP_5015,125.7182853,123.7123188,116.0396267,127.2972695,116.8568117
PP_5029,37.9257383,33.9424451,34.39913396,43.22650784,30.46685475
PP_5030,44.7664098,38.4679633,46.65392001,49.57427036,43.05123955
PP_5031,35.71612788,35.41700099,33.83176768,45.05045865,36.38351151
PP_5032,21.56503895,17.19721432,24.19342634,21.87928034,22.6715673
PP_5033,59.24271339,49.95189672,58.51557149,66.86932525,57.53261063
PP_5036,41.95891511,37.78103898,33.72561898,53.67218641,38.52650303
PP_5040,546.694737,590.1121574,493.4039071,572.8559904,607.5199118
PP_5041,92.27680134,127.1513604,88.92149721,119.3414879,118.2733849
PP_5045,229.4996662,235.8198735,222.1158905,189.5024973,236.9546452
PP_5046,2908.148592,2565.475793,2618.999139,3002.893275,2534.01352
PP_5054,44.00598447,48.84471393,32.35911533,46.79408925,53.40756544
PP_5056,338.2582841,344.4496006,327.3245707,261.6709553,340.9563919
PP_5063,478.6986949,438.007938,420.294384,386.3838415,461.9754389
PP_5064,293.1139621,242.2556736,239.7270248,207.6107658,249.5071299
PP_5066,354.3729454,280.8585957,332.2373173,264.9507044,278.5187247
PP_5074,148.9980063,156.0181296,141.5104055,136.2197468,156.4407845
PP_5075,318.9283394,227.396434,288.8819201,214.7870141,202.9698542
PP_5076,860.3673918,669.5975123,765.6027463,634.8994072,605.8733259
PP_5078,562.1894679,551.4718766,596.2173387,538.9347616,521.6389122
PP_5079,548.1084278,525.9060536,602.7450737,587.9498422,523.5155903
PP_5084,1358.928164,1104.273216,1390.421757,1367.712668,1128.113536
PP_5085,914.1244982,900.1702503,831.505805,689.8942508,871.0985518
PP_5089,492.745212,609.0556259,436.6167022,501.1395411,581.3962132
PP_5095,229.7001641,210.4099634,185.4738705,200.7954696,215.4058539
PP_5097,143.8251601,148.7265113,159.7472235,151.0782062,162.4410141
PP_5098,178.4161183,147.6332865,150.4524164,127.8633303,147.800655
PP_5100,444.1994749,365.8807449,399.8341466,381.6245676,337.4973468
PP_5104,183.7327656,188.7481919,183.4887758,136.823663,181.0493793
PP_5118,131.1394081,122.5527463,129.0679952,131.3136811,128.4557221
PP_5120,326.3168658,270.1316305,294.7138176,288.4763123,303.5912334
PP_5123,181.7051903,182.0573588,155.5433124,152.9444963,208.3635418
PP_5128,428.3388518,435.0461188,421.9244821,466.5376287,430.9358712
PP_5132,84.43415557,61.32928456,83.96564652,57.93393064,70.69357973
PP_5139,305.7619691,239.397121,257.0352747,191.1372261,251.5041835
PP_5141,278.7371919,271.2015042,265.5910622,279.1248092,284.2101752
PP_5149,232.3451177,208.5758558,198.3884882,185.2273316,205.1838639
PP_5150,239.3283108,218.8108409,216.0729774,196.6193488,207.88268
PP_5155,786.8045919,759.1811145,679.5742415,604.6601949,714.9913017
PP_5168,152.2178753,177.2586471,182.1978275,156.3182536,148.4173474
PP_5169,79.13317105,95.85976735,85.35870171,80.4063229,81.96241293
PP_5170,48.19300826,78.98894058,63.61699066,58.29376802,75.28888294
PP_5171,59.65459861,88.54396237,60.5254117,50.53965631,80.34959473
PP_5177,353.91952,347.1189369,393.2385415,411.0561829,338.9477728
PP_5178,287.462712,307.1251427,312.650024,359.6139576,303.1529221
PP_5179,248.6572358,257.0693309,228.4989443,256.0435687,268.8631603
PP_5180,286.9526623,303.404042,284.3712068,346.8434716,288.6067873
PP_5181,1120.032463,1115.844763,1006.960501,1312.370894,1076.94262
PP_5182,594.3626983,837.439234,617.8448897,1109.481373,863.7542221
PP_5183,316.5248261,427.0080049,277.8377851,481.5596011,473.3955877
PP_5184,121.8764232,164.8465264,94.68157552,145.503638,182.8714467
PP_5185,269.5468077,204.2993507,255.6045483,202.626874,199.9631631
PP_5186,279.1036454,280.5801571,297.0597198,278.8832519,260.293646
PP_5192,113.6969724,133.7706303,105.9049807,141.4324181,141.6911529
PP_5193,325.5476138,314.1477699,299.6365113,302.1680037,317.5603754
PP_5194,343.8655746,373.5566325,304.1148252,342.7101943,380.0033884
PP_5195,89.38094689,74.14770585,90.89384776,71.98461888,79.97165679
PP_5196,63.15851573,83.08539553,41.76404064,44.62488559,90.80068875
PP_5197,215.2925574,196.0399997,251.5142212,207.8499896,189.2651589
PP_5199,484.8437465,418.186386,513.1080334,407.8559272,418.4215969
PP_5203,423.3547375,395.3497033,412.8532162,416.3507024,362.3172349
PP_5213,437.3796493,376.8283243,452.7388132,373.8763119,394.268668
PP_5215,5154.08587,3575.45463,4697.465015,3835.170439,3487.383605
PP_5216,770.5754215,623.5929523,663.5054095,648.4539665,641.8232639
PP_5217,1800.539123,1571.936669,1867.854262,1782.709639,1566.627176
PP_5222,329.9820807,276.1303302,373.0056906,359.5202931,268.7080711
PP_5227,392.9879936,372.3297945,360.4865525,310.0987427,361.5419604
PP_5228,186.7106689,177.2772162,156.047686,138.9292464,172.2667161
PP_5233,197.0467321,187.4323275,187.5985766,230.038929,203.8784618
PP_5246,230.0876562,192.9850755,212.6443974,186.3350815,190.4231275
PP_5250,11.44312678,14.32794523,11.94448814,19.44974613,17.22466941
PP_5257,28.07118008,28.88769856,24.92484382,30.15412281,25.25871128
PP_5258,31.6587991,36.57571314,32.85957113,34.10730646,37.78993433
PP_5269,449.1779483,454.4198978,396.1433261,458.8404619,486.8889952
PP_5270,811.752061,1022.790656,709.2669991,1098.826341,1075.274732
PP_5273,82.39957546,89.79663505,85.1437684,66.74910386,87.46052272
PP_5278,432.5146296,526.5835941,402.7555931,498.8451354,526.7972441
PP_5285,309.3475183,280.5625539,332.3878668,312.4163359,309.6558649
PP_5286,54.91416315,56.5192583,60.83088028,62.38500132,58.4025609
PP_5289,540.9955396,437.0068723,547.9082339,429.5694796,417.8367682
PP_5291,368.1640965,342.228653,368.7150527,356.267955,392.6525389
PP_5296,124.1402318,116.3465236,118.8743983,113.9894435,128.6437619
PP_5302,1068.939537,935.1519329,1066.505516,932.9378019,918.8983426
PP_5314,586.2003946,420.5968186,601.6824142,561.527719,413.038057
PP_5315,160.3231809,131.782747,169.3844441,137.3689744,156.6562872
PP_5317,103.5118477,105.2079697,116.8947365,105.0869099,112.6413926
PP_5318,207.1974903,201.9956468,199.0335216,233.5275696,193.1006893
PP_5326,62.50359725,68.08039103,46.53852995,60.29821221,68.54768678
PP_5327,66.29826613,85.49440411,83.83592484,83.53258365,84.00002882
PP_5328,77.40027526,108.865139,79.14758633,117.1660846,117.8113293
PP_5329,141.6637572,149.9237952,119.5620633,134.2901592,160.2613123
PP_5335,137.7307354,100.3168303,132.9219795,89.18406786,107.4472563
PP_5336,40.16667428,44.48909144,33.07450444,30.31135906,35.72186073
PP_5338,1213.184091,1164.817502,1034.740239,861.7398195,1208.6935
PP_5340,19.98067448,22.74601731,22.00953598,21.85348065,16.2478965
PP_5346,1395.26032,2132.611052,1304.882287,2282.840814,1986.964572
PP_5347,701.1524815,932.5750262,614.6445205,929.7513961,895.4371399
PP_5351,155.3529316,122.2890236,141.2718992,156.6830928,129.0226495
PP_5357,176.3637332,170.3659583,182.4183178,164.2869388,158.867945
PP_5364,157.8104019,124.791078,139.1391243,122.4069725,123.2611296
PP_5366,68.68221288,69.79022117,63.89473516,74.12220173,66.92426201
PP_5380,20.82562824,19.22202783,20.295923,24.4739526,22.3796502
PP_5385,658.2479075,607.5731072,529.2652519,637.1650647,593.7756524
PP_5386,374.9186589,327.7136016,329.4204525,313.9588282,304.4840287
PP_5387,1426.172759,1362.82337,1368.838509,1369.469535,1315.554172
PP_5409,216.1694222,206.3707051,177.3291186,186.2019777,218.2013001
PP_5411,377.4540695,351.9317353,320.7674668,337.6573851,329.030261
PP_5412,939.9104894,778.43279,785.4650446,631.8266917,720.788584
PP_5413,4368.773982,4026.932836,3582.952184,3150.850113,3870.993713
PP_5414,2010.714211,2002.188265,1604.610702,1463.624504,1959.272219
PP_5415,4317.711419,4059.058144,3343.22359,2849.788193,3819.889224
PP_5416,1044.316482,1062.850305,702.1403078,664.3880781,1001.189335
PP_5417,1263.448322,1230.992235,991.5390847,806.5758598,1111.31794
PP_5418,1543.720804,1465.513209,1190.331851,950.2284562,1413.463557
PP_5419,950.5449963,1027.802812,752.0911286,724.413791,1004.341987
PP_5420,329.2368291,437.621988,347.6746325,385.5160936,443.1998255